{"std": 1.9754888000422837, "rmse": 3.7075190635564, "sse": 15092.77597208427, "max": 7.5921962104823049, "min": 0.33330253964289025, "median": 2.5885872392285316, "mean": 3.1373781422617237}