{"std": 0.57926666563626472, "rmse": 1.0088047840225893, "sse": 272.74014072751936, "max": 5.4422682320082307, "min": 0.11014752226595856, "median": 0.67824500447951708, "mean": 0.8259159898860825}