{"std": 0.41306138119016461, "rmse": 0.5564956668861594, "sse": 82.996230506503096, "max": 4.3337651726650561, "min": 0.044681138730159109, "median": 0.28215823952559738, "mean": 0.37291784971001968}